name,ISO2,ISO3,ISOn,IANA,ITU,UNv,IOC,FIPS,FIFA,DS,WMO,MARC,independent,region,BBAN,IBAN,IBANCheckDigits,name_cs,name_de,name_es,name_fr,name_it,name_nl,locales,lang_default,,,,,,,,,,,,,,,
Afghanistan,AF,AFG,4,.af,93,AFG,AFG,AF,AFG,AFG,AF,af,Yes,emea,,,,Afghanistán,Afghanistan,Afganistán,Afghanistan,Afghanistan,Afghanistan,fa-AF,ps,uz-AF,tk,fa,,,,,,,,,,,,
Åland Islands,AX,ALA,248,.ax,,,,,,FIN,,,Part of FI,emea,,,,Åland Islands,Åland-Inseln,Islas Åland,Îles Åland,Åland Islands,Åland Islands,sv-AX,,,,,,,,,,,,,,,,
Albania,AL,ALB,8,.al,355,AL,ALB,AL,ALB,AL,AB,aa,Yes,emea,8n 16c,ALkk bbbs sssx cccc cccc cccc cccc,,Albánie,Albanien,Albania,Albanie,Albania,Albanië,sq,el,,,,,,,,,,,,,,
Alderney,,,,,,GBA,,,,,,,,emea,,,,Alderney,Alderney,Alderney,Alderney,Alderney,Alderney,,,,,,,,,,,,,,,,,
Algeria,DZ,DZA,12,.dz,213,DZ,ALG,AG,ALG,DZ,AL,ae,Yes,emea,20n,DZkk nnnn nnnn nnnn nnnn nnnn,,Alžírsko,Algerien,Argelia,Algérie,Algeria,Algerije,ar-DZ,,,,,,,,,,,,,,,,
American Samoa,AS,ASM,16,.as,1-684,,ASA,AQ,ASA,USA,,as,Territory of US,na,,,,Americká Samoa,Amerikanisch-Samoa,Samoa americana,Samoa Américaines,Samoa Americane,Amerikaans Samoa,en-AS,sm,to,,,,,,,,,,,,,,
Andorra,AD,AND,20,.ad,376,AND,AND,AN,AND,AND,,an,Yes,emea,8n 12c,ADkk bbbb ssss cccc cccc cccc,,Andorra,Andorra,Andorra,Andorre,Andorra,Andorra,ca,fr-AD,pt,,,,,,,,,,,,,
Angola,AO,AGO,24,.ao,244,,ANG,AO,ANG,,AN,ao,Yes,emea,21n,AOkk nnnn nnnn nnnn nnnn nnnn n,,Angola,Angola,Angola,Angola,Angola,Angola,pt-AO,,,,,,,,,,,,,,,,
Anguilla,AI,AIA,660,.ai,1-264,,,AV,AIA,,,am,Territory of GB,emea,,,,Anguilla,Anguilla,Anguilla,Anguilla,Anguilla,Anguilla,en-AI,,,,,,,,,,,,,,,,
Antarctica,AQ,ATA,10,.aq,,,,AY,,,AA,ay,International,apj,,,,Antarctica,Antarktis,Antartida,Antarctique,Antartide,Antarctica,,,,,,,,,,,,,,,,,
Antigua and Barbuda,AG,ATG,28,.ag,1-268,,ANT,AC,ATG,,AT,aq,Yes,apj,,,,Antigua a Barbuda,Antigua und Barbuda,Antigua y Barbuda,Antigua-et-Barbuda,Antigua e Barbuda,Antigua en Barbuda,en-AG,,,,,,,,,,,,,,,,
Argentina,AR,ARG,32,.ar,54,RA,ARG,AR,ARG,RA,AG,ag,Yes,lar,,,,Argentina,Argentinien,Argentina,Argentine,Argentina,Argentinië,es-AR,en,it,de,fr,,,,,,,,,,,,
Armenia,AM,ARM,51,.am,7,AM,ARM,AM,ARM,AM,AY,ai,Yes,emea,,,,Arménie,Armenien,Armenia,Arménie,Armenia,Armenië,hy,hy,,,,,,,,,,,,,,,
Aruba,AW,ABW,533,.aw,297,,ARU,AA,ARU,,NU,aw,Part of NL,emea,,,,Aruba,Aruba,Aruba,Aruba,Aruba,Aruba,nl-AW,es,en,,,,,,,,,,,,,,
Ascension Island,,,,.ac,247,,,,,,,,,emea,,,,Ascension Island,Ascension Island,Ascension Island,Ascension Island,Ascension Island,Ascension Island,,,,,,,,,,,,,,,,,
Australia,AU,AUS,36,.au,61,AUS,AUS,AS,AUS,AUS,AU,at,Yes,apj,,,,Austrálie,Australien,Australia,Australie,Australia,Australië,en-AU,,,,,,,,,,,,,,,,
Austria,AT,AUT,40,.at,43,A,AUT,AU,AUT,A,OS,au,Yes,emea,16n,ATkk bbbb bccc cccc cccc,,Rakousko,Österreich,Austria,Autriche,Austria,Oostenrijk,de-AT,hr,hu,sl,,,,,,,,,,,,,
Azerbaijan,AZ,AZE,31,.az,994,AZ,AZE,AJ,AZE,AZ,AJ,aj,Yes,emea,4c 20n,AZkk bbbb cccc cccc cccc cccc cccc,,Azerbajdžán,Aserbaidschan,Azerbaiyán,Azerbaïdjan,Azerbaijan,Azerbeidzjan,az,ru,hy,az,,,,,,,,,,,,
Bahamas,BS,BHS,44,.bs,1-242,BS,BAH,BF,BAH,BS,BA,bf,Yes,,,,,Bahamy,Bahamas,Bahamas,Bahamas,Bahamas,Bahama's,en-BS,,,,,,,,,,,,,,,,
Bahrain,BH,BHR,48,.bh,973,BRN,BRN,BA,BHR,BRN,BN,ba,Yes,,4a 14c,BHkk bbbb cccc cccc cccc cc,,Bahrajn,Bahrain,Bahrain,Bahreïn,Bahrain,Bahrein,ar-BH,en,fa,ur,,,,,,,,,,,,
Bangladesh,BD,BGD,50,.bd,880,BD,BAN,BG,BAN,BD,BW,bg,Yes,,,,,Bangladéš,Bangladesch,Bangladesh,Bangladesh,Bangladesh,Bangladesh,bn-BD,en,,,,,,,,,,,,,,,
Barbados,BB,BRB,52,.bb,1-246,BDS,BAR,BB,BRB,BDS,BR,bb,Yes,,,,,Barbados,Barbados,Barbados,Barbade,Barbados,Barbados,en-BB,,,,,,,,,,,,,,,,
Belarus,BY,BLR,112,.by,375,BY,BLR,BO,BLR,BY,BY,bw,Yes,,,,,Bělorusko,Belarus,Belarus,Bélarus,Bielorussia,Wit-Rusland,be,ru,,,,,,,,,,,,,,,
Belgium,BE,BEL,56,.be,32,B,BEL,BE,BEL,B,BX,be,Yes,,12n,BEkk bbbc cccc ccxx,,Belgie,Belgien,Bélgica,Belgique,Belgio,België,nl-BE,fr-BE,de-BE,,,,,,,,,,,,,,
Belize,BZ,BLZ,84,.bz,501,BH,BIZ,BH,BLZ,BZ,BH,bh,Yes,,,,,Belize,Belize,Belize,Belize,Belize,Belize,en-BZ,es,,,,,,,,,,,,,,,
Benin,BJ,BEN,204,.bj,229,DY,BEN,BN,BEN,DY,BJ,dm,Yes,,1a 23n,BJkk annn nnnn nnnn nnnn nnnn nnnn,,Benin,Benin,Benin,Bénin,Benin,Benin,fr-BJ,,,,,,,,,,,,,,,
Bermuda,BM,BMU,60,.bm,1-441,,BER,BD,BER,,BE,bm,Territory of GB,,,,,Bermuda,Bermuda,Bermuda,Bermudes,Bermuda,Bermuda,en-BM,pt,,,,,,,,,,,,,,,
Bhutan,BT,BTN,64,.bt,975,,BHU,BT,BHU,,,bt,Yes,,,,,Bhután,Bhutan,Bhutan,Bhoutan,Bhutan,Bhutan,dz,,,,,,,,,,,,,,,,
Bolivia,BO,BOL,68,.bo,591,BOL,BOL,BL,BOL,BOL,BO,bo,Yes,,,,,Bolívie,Bolivien,Bolivia,Bolivie,Bolivia,Bolivia,es-BO,qu,ay,,,,,,,,,,,,,,
Bosnia and Herzegovina,BA,BIH,70,.ba,387,BIH,BIH,BK,BIH,BIH,BG,bn,Yes,,16n,BAkk bbbs sscc cccc ccxx,39,Bosna a Hercegovina,Bosnien und Herzegowina,Bosnia y Herzegovina,Bosnie-Herzégovine,Bosnia Erzegovina,Bosnië-Herzegovina,bs,hr-BA,sr-BA,bs,,,,,,,,,,,,,
Botswana,BW,BWA,72,.bw,267,BW,BOT,BC,BOT,BW,BC,bs,Yes,,,,,Botswana,Botswana,Botswana,Botswana,Botswana,Botswana,en-BW,tn-BW,,,,,,,,,,,,,,,
Bouvet Island,BV,BVT,74,.bv,,,,BV,,,BV,bv,Territory of NO,,,,,Bouvet Island,Bouvetinsel,Isla Bouvet,Île Bouvet,Isola di Bouvet,Bouvet,,,,,,,,,,,,,,,,,
Brazil,BR,BRA,76,.br,55,BR,BRA,BR,BRA,BR,BZ,bl,Yes,,23n 1a 1c,BRkk bbbb bbbb ssss sccc cccc ccct n,39,Brazílie,Brasilien,Brasil,Brésil,Brasile,Brazilië,pt-BR,es,en,fr,,,,,,,,,,,
British Indian Ocean Territory,IO,IOT,86,.io,,,,IO,,,,bi,Territory of GB,,,,,Britské Indickooceánské teritorium,Britisches Territorium im Indischen Ozean,Territorio Oceánico de la India Británica,Territoire Britannique de l'Océan Indien,Territori Britannici dell'Oceano Indiano,British Indian Ocean Territory,en-IO,,,,,,,,,,,,,,,,
Brunei Darussalam,BN,BRN,96,.bn,673,BRU,BRU,BX,BRU,BRU,BD,bx,Yes,,,,,Brunej,Brunei Darussalam,Brunei Darussalam,Brunéi Darussalam,Brunei Darussalam,Brunei,ms-BN,en-BN,,,,,,,,,,,,,,,
Bulgaria,BG,BGR,100,.bg,359,BG,BUL,BU,BUL,BG,BU,bu,Yes,,4a 6n 8c,BGkk bbbb ssss ddcc cccc cc,,Bulharsko,Bulgarien,Bulgaria,Bulgarie,Bulgaria,Bulgarije,bg,tr-BG,bg,,,,,,,,,,,,
Burkina Faso,BF,BFA,854,.bf,226,BF,BUR,UV,BFA,BF,HV,uv,Yes,,23n,BFkk nnnn nnnn nnnn nnnn nnnn nnn,,Burkina Faso,Burkina Faso,Burkina Faso,Burkina Faso,Burkina Faso,Burkina Faso,fr-BF,,,,,,,,,,,,,,,,
Burundi,BI,BDI,108,.bi,257,RU,BDI,BY,BDI,RU,BI,bd,Yes,,12n,BIkk nnnn nnnn nnnn,,Burundi,Burundi,Burundi,Burundi,Burundi,Burundi,fr-BI,rn,,,,,,,,,,,,,,,
Cambodia,KH,KHM,116,.kh,855,K,CAM,CB,CAM,K,KP,cb,Yes,,,,,Kambodža,Kambodscha,Camboya,Cambodge,Cambogia,Cambodja,km,fr,en,,,,,,,,,,,,,,
Cameroon,CM,CMR,120,.cm,237,CAM,CMR,CM,CMR,CAM,CM,cm,Yes,,23n,CMkk nnnn nnnn nnnn nnnn nnnn nnn,,Kamerun,Kamerun,Camerún,Cameroun,Camerun,Kameroen,en-CM,fr-CM,,,,,,,,,,,,,,,
Canada,CA,CAN,124,.ca,1,CDN,CAN,CA,CAN,CDN,CN,xxc,Yes,,,,,Kanada,Kanada,Canadá,Canada,Canada,Canada,en-CA,fr-CA,,,,,,,,,,,,,,,
Cape Verde,CV,CPV,132,.cv,238,,CPV,CV,CPV,,CV,cv,Yes,,21n,CVkk nnnn nnnn nnnn nnnn nnnn n,,Ostrovy Zeleného mysu,Kap Verde,Cabo Verde,Cap-vert,Capo Verde,Kaapverdië,pt-CV,,,,,,,,,,,,,,,,
Cayman Islands,KY,CYM,136,.ky,1-345,,CAY,CJ,CAY,,GC,cj,Territory of GB,,,,,Kajmanské ostrovy,Kaimaninseln,Islas Caimán,Îles Caïmanes,Isole Cayman,Caymaneilanden,en-KY,,,,,,,,,,,,,,,,
Central African,CF,CAF,140,.cf,236,RCA,CAF,CT,CTA,RCA,CE,cx,Yes,,,,,Středoafrická republika,Zentralafrikanische Republik,República Centroafricana,République Centrafricaine,Repubblica Centroafricana,Centraal-Afrikaanse Republiek,fr-CF,ln,kg,,,,,,,,,,,,,,
Chad,TD,TCD,148,.td,235,TCH,CHA,CD,CHA,TCH,CD,cd,Yes,,,,,Čad,Tschad,Chad,Tchad,Ciad,Tsjaad,fr-TD,ar-TD,sre,,,,,,,,,,,,,,
Channel Islands,,,830,,,,,,,,,,,,,,,Channel Islands,Channel Islands,Channel Islands,Channel Islands,Channel Islands,Channel Islands,,,,,,,,,,,,,,,,,
Chile,CL,CHL,152,.cl,56,RCH,CHI,CI,CHI,RCH,CH,cl,Yes,,,,,Chile,Chile,Chile,Chili,Cile,Chili,es-CL,,,,,,,,,,,,,,,,
China,CN,CHN,156,.cn,86,,CHN,CH,CHN,,CI,cc,Yes,,,,,Čína,China,China,Chine,Cina,China,zh-CN,yue,wuu,zh,,,,,,,,,,,,,
Christmas Island,CX,CXR,162,.cx,,,,KT,,AUS,KI,xa,Territory of AU,,,,,Christmas Island,Weihnachtsinsel,Isla Navidad,Île Christmas,Isola di Natale,Christmaseiland,en,zh,ms-CC,,,,,,,,,,,,,,
Cocos (Keeling) Islands,CC,CCK,166,.cc,,,,CK,,AUS,KK,xb,Territory of AU,,,,,Kokosové ostrovy,Kokosinseln,Islas Cocos (Keeling),Îles Cocos (Keeling),Isole Cocos,Cocoseilanden,ms-CC,en,,,,,,,,,,,,,,,
Colombia,CO,COL,170,.co,57,CO,COL,CO,COL,CO,CO,ck,Yes,,,,,Kolumbie,Kolumbien,Colombia,Colombie,Colombia,Colombia,es-CO,,,,,,,,,,,,,,,,
Comoros,KM,COM,174,.km,269,,COM,CN,COM,,IC,cq,Yes,,,,,Komory,Komoren,Comoros,Comores,Comore,Comoren,ar,fr-KM,,,,,,,,,,,,,,,
Republic of the Congo,CG,COG,178,.cg,242,RCB,CGO,CF,,RCB,CG,cf,Yes,,,,,Konžská republika Kongo,Republik Kongo,Congo,République du Congo,Repubblica del Congo,Republiek Congo,fr-CG,kg,ln-CG,,,,,,,,,,,,,,
The Democratic Republic Of The Congo,CD,COD,180,.cd,243,ZRE,COD,CG,COD,ZRE,ZR,cg,Yes,,,,,Demokratická republika Kongo Kongo,Demokratische Republik Kongo,República Democrática del Congo,République Démocratique du Congo,Repubblica Democratica del Congo,Democratische Republiek Congo,fr-CD,ln,kg,,,,,,,,,,,,,,
Cook Islands,CK,COK,184,.ck,682,,COK,CW,COK,NZ,KU,cw,Associated with NZ,,,,,Cookovy ostrovy,Cookinseln,Islas Cook,Îles Cook,Isole Cook,Cookeilanden,en-CK,mi,,,,,,,,,,,,,,,
Costa Rica,CR,CRI,188,.cr,506,CR,CRI,CS,CRC,CR,CS,cr,Yes,,17n,CRkk bbbc cccc cccc cccc c,,Kostarika,Costa Rica,Costa Rica,Costa Rica,Costa Rica,Costa Rica,es-CR,en,,,,,,,,,,,,,,,
Côte d'Ivoire,CI,CIV,384,.ci,225,CI,CIV,IV,CIV,CI,IV,iv,Yes,,1a 23n,CIkk annn nnnn nnnn nnnn nnnn nnnn,,Pobřeží slonoviny,Côte d'Ivoire,Costa de Marfil,Côte d'Ivoire,Costa d'Avorio,Ivoorkust,fr-CI,,,,,,,,,,,,,,,,
Croatia,HR,HRV,191,.hr,385,HR,CRO,HR,CRO,HR,RH,ci,Yes,,17n,HRkk bbbb bbbc cccc cccc c,,Chorvatsko,Kroatien,Croacia,Croatie,Croazia,Kroatië,hr-HR,sr,hr,,,,,,,,,,,,,,
Cuba,CU,CUB,192,.cu,53,CU,CUB,CU,CUB,C,CU,cu,Yes,,,,,Kuba,Kuba,Cuba,Cuba,Cuba,Cuba,es-CU,,,,,,,,,,,,,,,,
Cyprus,CY,CYP,196,.cy,357,CY,CYP,CY,CYP,CY,CY,cy,Yes,,8n 16c,CYkk bbbs ssss cccc cccc cccc cccc,,Kypr,Zypern,Chipre,Chypre,Cipro,Cyprus,el-CY,tr-CY,en,,,,,,,,,,,,,
Czech Republic,CZ,CZE,203,.cz,420,CZ,CZE,EZ,CZE,CZ,CZ,xr,Yes,,20n,CZkk bbbb ssss sscc cccc cccc,,Česko,Tschechische Republik,Chequia,République Tchèque,Repubblica Ceca,Tsjechië,cs,sk,cs,,,,,,,,,,,,,,
Denmark,DK,DNK,208,.dk,45,DK,DEN,DA,DEN,DK,DN,dk,Yes,,14n,DKkk bbbb cccc cccc cc,,Dánsko,Dänemark,Dinamarca,Danemark,Danimarca,Denemarken,da-DK,en,fo,de-DK,da,,,,,,,,,,,,
Djibouti,DJ,DJI,262,.dj,253,,DJI,DJ,DJI,,DJ,ft,Yes,,,,,Džibutsko,Dschibuti,Djibouti,Djibouti,Gibuti,Djibouti,fr-DJ,ar,so-DJ,aa,,,,,,,,,,,,,
Dominica,DM,DMA,212,.dm,1-767,WD,DMA,DO,DMA,WD,DO,dq,Yes,,,,,Dominika,Dominica,Dominica,Dominique,Dominica,Dominica,en-DM,,,,,,,,,,,,,,,,
Dominican Republic,DO,DOM,214,.do,1-809,DOM,DOM,DR,DOM,DOM,DR,dr,Yes,,4a 20n,DOkk bbbb cccc cccc cccc cccc cccc,,Dominikánská republika,Dominikanische Republik,República Dominicana,République Dominicaine,Repubblica Dominicana,Dominicaanse Republiek,es-DO,,,,,,,,,,,,,,,
Ecuador,EC,ECU,218,.ec,593,EC,ECU,EC,ECU,EC,EQ,ec,Yes,,,,,Ekvádor,Ecuador,Ecuador,Équateur,Ecuador,Ecuador,es-EC,,,,,,,,,,,,,,,,
Egypt,EG,EGY,818,.eg,20,ET,EGY,EG,EGY,ET,EG,ua,Yes,,,,,Egypt,Ägypten,Egipto,Égypte,Egitto,Egypte,ar-EG,en,fr,,,,,,,,,,,,,,
El Salvador,SV,SLV,222,.sv,503,ES,ESA,ES,SLV,ES,ES,es,Yes,,,,,Salvador,El Salvador,El Salvador,El Salvador,El Salvador,El Salvador,es-SV,,,,,,,,,,,,,,,,
England,,,,,,,,,ENG,,,,,,,,,England,England,England,England,England,England,en-GB,,,,,,,,,,,,,,,,
Equatorial Guinea,GQ,GNQ,226,.gq,240,,GEQ,EK,EQG,,GQ,eg,Yes,,,,,Rovníková Guinea,Äquatorialguinea,Guinea Ecuatorial,Guinée Équatoriale,Guinea Equatoriale,Equatoriaal Guinea,es-GQ,fr,,,,,,,,,,,,,,,
Eritrea,ER,ERI,232,.er,291,,ERI,ER,ERI,,,ea,Yes,,,,,Eritrea,Eritrea,Eritrea,Érythrée,Eritrea,Eritrea,aa-ER,ar,tig,kun,ti-ER,,,,,,,,,,,,
Estonia,EE,EST,233,.ee,372,EST,EST,EN,EST,EST,EO,er,Yes,,16n,EEkk bbss cccc cccc cccx,,Estonsko,Estland,Estonia,Estonie,Estonia,Estland,et,ru,et,,,,,,,,,,,,,,
Ethiopia,ET,ETH,231,.et,251,ETH,ETH,ET,ETH,ETH,ET,et,Yes,,,,,Etiopie,Äthiopien,Etiopía,Éthiopie,Etiopia,Ethiopië,am,en-ET,om-ET,ti-ET,so-ET,sid,,,,,,,,,,,
European Union,,,,.eu,,,,,,,,,,,,,,European Union,European Union,European Union,European Union,European Union,European Union,,,,,,,,,,,,,,,,,
Faroe Islands,FO,FRO,234,.fo,298,FR,,FO,FRO,FO,FA,fa,Part of DK,,14n,FOkk bbbb cccc cccc cx,,Faerské ostrovy,Färöer,Islas Faroe,Îles Féroé,Isole Faroe,Faeröer,fo,da-FO,,,,,,,,,,,,,,,
Falkland Islands,FK,FLK,238,.fk,500,,,FK,FLK,,FK,fk,Territory of GB,,,,,Falklandské ostrovy,Falklandinseln,Islas Malvinas,Îles (malvinas) Falkland,Isole Falkland,Falklandeilanden,en-FK,,,,,,,,,,,,,,,,
Fiji,FJ,FJI,242,.fj,679,FJI,FIJ,FJ,FIJ,FJI,FJ,fj,Yes,,,,,Fidži,Fidschi,Fiji,Fidji,Fiji,Fiji,en-FJ,fj,,,,,,,,,,,,,,,
Finland,FI,FIN,246,.fi,358,FIN,FIN,FI,FIN,FIN,FI,fi,Yes,,14n,FIkk bbbb bbcc cccc cx,,Finsko,Finnland,Finlandia,Finlande,Finlandia,Finland,fi-FI,sv-FI,smn,fi,,,,,,,,,,,,,
France,FR,FRA,250,.fr,33,F,FRA,FR,FRA,F,FR,fr,Yes,,10n 11c 2n,FRkk bbbb bggg ggcc cccc cccc cxx,,Francie,Frankreich,Francia,France,Francia,Frankrijk,fr-FR,frp,br,co,ca,eu,fr,,,,,,,,
French Guiana,GF,GUF,254,.gf,594,,,FG,,F,FG,fg,Part of FR,,,,,Francouzská Guayana,Französisch-Guayana,Guinea Francesa,Guyane Française,Guyana Francese,Frans-Guyana,fr-GF,,,,,,,,,,,,,,,,
French Polynesia,PF,PYF,258,.pf,689,,,FP,TAH,F,PF,fp,Territory of FR,,,,,Francouzská Polynésie,Französisch-Polynesien,Polinesia Francesa,Polynésie Française,Polinesia Francese,Frans-Polynesië,fr-PF,ty,,,,,,,,,,,,,,,
French Southern Territories,TF,ATF,260,.tf,,,,FS,,F,,fs,Territory of FR,,,,,Francouzská jižní teritoria,Französische Süd- und Antarktisgebiete,Territorios Sureños de Francia,Terres Australes Françaises,Territori Francesi del Sud,Franse Zuidelijke en Antarctische gebieden,fr,,,,,,,,,,,,,,,,
Gabon,GA,GAB,266,.ga,241,G,GAB,GB,GAB,G,GO,go,Yes,,,,,Gabon,Gabun,Gabón,Gabon,Gabon,Gabon,fr-GA,,,,,,,,,,,,,,,,
Gambia,GM,GMB,270,.gm,220,WAG,GAM,GA,GAM,WAG,GB,gm,Yes,,,,,Gambie,Gambia,Gambia,Gambie,Gambia,Gambia,en-GM,mnk,wof,wo,ff,,,,,,,,,,,,
Georgia,GE,GEO,268,.ge,,GE,GEO,GG,GEO,GE,GG,gs,Yes,,2c 16n,GEkk bbcc cccc cccc cccc cc,,Gruzínsko,Georgien,Georgia,Géorgie,Georgia,Georgië,ka,ru,hy,az,ka,,,,,,,,,,,
Germany,DE,DEU,276,.de,49,D,GER,GM,GER,D,DL,gw,Yes,,18n,DEkk bbbb bbbb cccc cccc cc,,Německo,Deutschland,Alemania,Allemagne,Germania,Duitsland,de,de,,,,,,,,,,,,,,,
Ghana,GH,GHA,288,.gh,233,GH,GHA,GH,GHA,GH,GH,gh,Yes,,,,,Ghana,Ghana,Ghana,Ghana,Ghana,Ghana,en-GH,ak,ee,tw,,,,,,,,,,,,,
Gibraltar,GI,GIB,292,.gi,350,GBZ,,GI,,GBZ,GI,gi,Territory of GB,,4a 15c,GIkk bbbb cccc cccc cccc ccc,,Gibraltar,Gibraltar,Gibraltar,Gibraltar,Gibilterra,Gibraltar,en-GI,es,it,pt,,,,,,,,,,,,
Greece,GR,GRC,300,.gr,30,GR,GRE,GR,GRE,GR,GR,gr,Yes,,7n 16c,GRkk bbbs sssc cccc cccc cccc ccc,,Řecko,Griechenland,Grecia,Grèce,Grecia,Griekenland,el-GR,en,fr,el,,,,,,,,,,,,
Greenland,GL,GRL,304,.gl,299,,,GL,,DK,GL,gl,Part of DK,,14n,GLkk bbbb cccc cccc cc,,Grónsko,Grönland,Groenlandia,Groenland,Groenlandia,Groenland,kl,da-GL,en,,,,,,,,,,,,,,
Grenada,GD,GRD,308,.gd,1-473,WG,GRN,GJ,GRN,WG,GD,gd,Yes,,,,,Grenada,Grenada,Granada,Grenade,Grenada,Grenada,en-GD,,,,,,,,,,,,,,,,
Guadeloupe,GP,GLP,312,.gp,590,,,GP,GLP,F,MF,gp,Part of FR,,,,,Guadeloupe,Guadeloupe,Guadalupe,Guadeloupe,Guadalupa,Guadeloupe,fr-GP,,,,,,,,,,,,,,,,
Guam,GU,GUM,316,.gu,1-671,,GUM,GQ,GUM,USA,GM,gu,Territory of US,,,,,Guam,Guam,Guam,Guam,Guam,Guam,en-GU,ch-GU,,,,,,,,,,,,,,,
Guatemala,GT,GTM,320,.gt,502,GCA,GUA,GT,GUA,GCA,GU,gt,Yes,,4c 20c,GTkk bbbb cccc cccc cccc cccc cccc,,Guatemala,Guatemala,Guatemala,Guatemala,Guatemala,Guatemala,es-GT,,,,,,,,,,,,,,,
Guernsey,GG,GGY,,.gg,,GBG,,GK,,GBG,,uik,Crown dependency of GB,,,,,Guernsey,Guernsey,Guernsey,Guernsey,Guernsey,Guernsey,en,fr,,,,,,,,,,,,,,,
Guinea,GN,GIN,324,.gn,224,RG,GUI,GV,GUI,RG,GN,gv,Yes,,,,,Guinea,Guinea,Guinea,Guinée,Guinea,Guinee,fr-GN,,,,,,,,,,,,,,,,
Guinea-Bissau,GW,GNB,624,.gw,245,,GBS,PU,GNB,,GW,pg,Yes,,,,,Guinea-Bissau,Guinea-Bissau,Guinea-Bissau,Guinée-Bissau,Guinea-Bissau,Guinee-Bissau,pt-GW,pov,,,,,,,,,,,,,,,
Guyana,GY,GUY,328,.gy,592,GUY,GUY,GY,GUY,GUY,GY,gy,Yes,,,,,Guyana,Guyana,Guayana,Guyana,Guyana,Guyana,en-GY,,,,,,,,,,,,,,,,
Haiti,HT,HTI,332,.ht,509,RH,HAI,HA,HAI,RH,HA,ht,Yes,,,,,Haiti,Haiti,Haití,Haïti,Haiti,Haiti,ht,fr-HT,ht,,,,,,,,,,,,,,
Heard Island and McDonald Islands,HM,HMD,334,.hm,,,,HM,,AUS,,hm,Territory of AU,,,,,Heardův ostrov a McDonaldovy ostrovy,Heard und McDonaldinseln,Islas Heard e Islas McDonald,Îles Heard et Mcdonald,Isola Heard e Isole McDonald,Heard- en McDonaldeilanden,,,,,,,,,,,,,,,,,
Honduras,HN,HND,340,.hn,504,,HON,HO,HON,,HO,ho,Yes,,,,,Honduras,Honduras,Honduras,Honduras,Honduras,Honduras,es-HN,,,,,,,,,,,,,,,,
Hong Kong,HK,HKG,344,.hk,852,,HKG,HK,HKG,HK,HK,,Part of CN,,,,,Hong Kong,Hongkong,Hong Kong,Hong-Kong,Hong Kong,Hongkong,zh-HK,yue,zh,en,,,,,,,,,,,,,
Hungary,HU,HUN,348,.hu,36,H,HUN,HU,HUN,H,HU,hu,Yes,,24n,HUkk bbbs sssk cccc cccc cccc cccx,,Maďarsko,Ungarn,Hungría,Hongrie,Ungheria,Hongarije,hu-HU,,,,,,,,,,,,,,,,
Iceland,IS,ISL,352,.is,354,IS,ISL,IC,ISL,IS,IL,ic,Yes,,22n,ISkk bbbb sscc cccc iiii iiii ii,,Island,Island,Islandia,Islande,Islanda,IJsland,is,en,de,da,sv,no,is,,,,,,,,,,
India,IN,IND,356,.in,91,IND,IND,IN,IND,IND,IN,ii,Yes,,,,,Indie,Indien,India,Inde,India,India,en-IN,hi,bn,te,mr,ta,ur,gu,ml,kn,or,pa,as,ks,sd,sa,ur-IN
Indonesia,ID,IDN,360,.id,62,RI,INA,ID,IDN,RI,ID,io,Yes,,,,,Indonésie,Indonesien,Indonesia,Indonésie,Indonesia,Indonesië,id,en,nl,jv,id,,,,,,,,,,,,
Islamic Republic of Iran,IR,IRN,364,.ir,98,IR,IRI,IR,IRN,IR,IR,ir,Yes,,22n,IRkk nnnn nnnn nnnn nnnn nnnn nn,,Írán,Islamische Republik Iran,Irán,République Islamique d'Iran,Iran,Iran,fa-IR,ku,fa,,,,,,,,,,,,,,
Iraq,IQ,IRQ,368,.iq,964,IRQ,IRQ,IZ,IRQ,IRQ,IQ,iq,Yes,,,,,Irák,Irak,Irak,Iraq,Iraq,Irak,ar-IQ,ku,hy,,,,,,,,,,,,,,
Ireland,IE,IRL,372,.ie,353,IRL,IRL,EI,IRL,IRL,IE,ie,Yes,,4c 14n,IEkk aaaa bbbb bbcc cccc cc,,Irsko,Irland,Irlanda,Irlande,Eire,Ierland,en-IE,ga-IE,,,,,,,,,,,,,,
Isle of Man,IM,IMN,833,.im,,GBM,,IM,,GBM,,uik,Crown dependency of GB,,,,,Ostrov Man,Insel Man,Isla de Man,Île de Man,Isola di Man,Eiland Man,en,gv,,,,,,,,,,,,,,,
Israel,IL,ISR,376,.il,972,IL,ISR,IS,ISR,IL,IS,is,Yes,,19n,ILkk bbbn nncc cccc cccc ccc,,Izrael,Israel,Israel,Israël,Israele,Israël,he,ar-IL,en-IL,,,,,,,,,,,,,,
Italy,IT,ITA,380,.it,39,I,ITA,IT,ITA,I,IY,it,Yes,,1a 10n 12c,ITkk xbbb bbss sssc cccc cccc ccc,,Itálie,Italien,Italia,Italie,Italia,Italië,it-IT,de-IT,fr-IT,sl,it,,,,,,,,,,
Jamaica,JM,JAM,388,.jm,1-876,JA,JAM,JM,JAM,JA,JM,jm,Yes,,,,,Jamajka,Jamaika,Jamaica,Jamaïque,Giamaica,Jamaica,en-JM,,,,,,,,,,,,,,,,
Japan,JP,JPN,392,.jp,81,J,JPN,JA,JPN,J,JP,ja,Yes,,,,,Japonsko,Japan,Japón,Japon,Giappone,Japan,ja,ja,,,,,,,,,,,,,,,
Jersey,JE,JEY,,.je,,GBJ,,JE,,GBJ,,uik,Crown dependency of GB,,,,,Jersey,Jersey,Jersey,Jersey,Jersey,Jersey,en,pt,,,,,,,,,,,,,,,
Jordan,JO,JOR,400,.jo,962,HKJ,JOR,JO,JOR,HKJ,JD,jo,Yes,,,,,Jordánsko,Jordanien,Jordania,Jordanie,Giordania,Jordanië,ar-JO,en,,,,,,,,,,,,,,,
Kazakhstan,KZ,KAZ,398,.kz,7,KZ,KAZ,KZ,KAZ,KZ,KZ,kz,Yes,,3n 13c,KZkk bbbc cccc cccc cccc,,Kazachstán,Kasachstan,Kazajstán,Kazakhstan,Kazakhistan,Kazachstan,kk,ru,,,,,,,,,,,,,,
Kenya,KE,KEN,404,.ke,254,EAK,KEN,KE,KEN,EAK,KN,ke,Yes,,,,,Keňa,Kenia,Kenia,Kenya,Kenya,Kenia,en-KE,sw-KE,,,,,,,,,,,,,,,
Kiribati,KI,KIR,296,.ki,686,,KIR,KR,,,KB,gb,Yes,,,,,Kiribati,Kiribati,Kiribati,Kiribati,Kiribati,Kiribati,en-KI,gil,,,,,,,,,,,,,,,
Democratic People's Republic of Korea,KP,PRK,408,.kp,850,,PRK,KN,PRK,,KR,kn,Yes,,,,,Severní Korea,Demokratische Volksrepublik Korea,Corea,République Populaire Démocratique de Corée,Corea del Nord,Noord-Korea,ko-KP,,,,,,,,,,,,,,,,
Republic of Korea,KR,KOR,410,.kr,82,ROK,KOR,KS,KOR,ROK,KO,ko,Yes,,,,,Jižní Korea,Republik Korea,Corea,République de Corée,Corea del Sud,Zuid-Korea,ko-KR,en,,,,,,,,,,,,,,,
Kuwait,KW,KWT,414,.kw,965,KWT,KUW,KU,KUW,KWT,KW,ku,Yes,,4a 22c,KWkk bbbb cccc cccc cccc cccc cccc cc,,Kuvajt,Kuwait,Kuwait,Koweït,Kuwait,Koeweit,ar-KW,en,,,,,,,,,,,,,,
Kyrgyzstan,KG,KGZ,417,.kg,996,KS,KGZ,KG,KGZ,KS,KG,kg,Yes,,,,,Kyrgyzstán,Kirgisistan,Kirgistán,Kirghizistan,Kirghizistan,Kirgizië,ky,uz,ru,,,,,,,,,,,,,,
Lao People's Democratic Republic,LA,LAO,418,.la,856,LAO,LAO,LA,LAO,LAO,LA,ls,Yes,,,,,Laos,Demokratische Volksrepublik Laos,Laos,République Démocratique Populaire Lao,Laos,Laos,lo,fr,en,,,,,,,,,,,,,,
Latvia,LV,LVA,428,.lv,371,LV,LAT,LG,LVA,LV,LV,lv,Yes,,4a 13c,LVkk bbbb cccc cccc cccc c,,Lotyšsko,Lettland,Letonia,Lettonie,Lettonia,Letland,lv,ru,lt,lv,,,,,,,,,,,,
Lebanon,LB,LBN,422,.lb,961,RL,LIB,LE,LIB,RL,LB,le,Yes,,4n 20c,LBkk bbbb cccc cccc cccc cccc cccc,,Libanon,Libanon,Líbano,Liban,Libano,Libanon,ar-LB,fr-LB,en,hy,,,,,,,,,,,,
Lesotho,LS,LSO,426,.ls,266,LS,LES,LT,LES,LS,LS,lo,Yes,,,,,Lesotho,Lesotho,Lesoto,Lesotho,Lesotho,Lesotho,en-LS,st,zu,xh,,,,,,,,,,,,,
Liberia,LR,LBR,430,.lr,231,LB,LBR,LI,LBR,LB,LI,lb,Yes,,,,,Libérie,Liberia,Liberia,Libéria,Liberia,Liberia,en-LR,,,,,,,,,,,,,,,,
Libyan Arab Jamahiriya,LY,LBY,434,.ly,218,LAR,LBA,LY,LBY,LAR,LY,ly,Yes,,,,,Libye,Libysch-Arabische Dschamahirija,Libia,Jamahiriya Arabe Libyenne,Libia,Libië,ar-LY,it,en,,,,,,,,,,,,,,
Liechtenstein,LI,LIE,438,.li,423,FL,LIE,LS,LIE,FL,,lh,Yes,,5n 12c,LIkk bbbb bccc cccc cccc c,,Lichtenštejnsko,Liechtenstein,Liechtenstein,Liechtenstein,Liechtenstein,Liechtenstein,de-LI,,,,,,,,,,,,,,,
Lithuania,LT,LTU,440,.lt,370,LT,LTU,LH,LTU,LT,LT,li,Yes,,16n,LTkk bbbb bccc cccc cccc,,Litva,Litauen,Lituania,Lituanie,Lituania,Litouwen,lt,ru,pl,lt,,,,,,,,,,,,,
Luxembourg,LU,LUX,442,.lu,352,L,LUX,LU,LUX,L,BX,lu,Yes,,3n 13c,LUkk bbbc cccc cccc cccc,,Lucembursko,Luxemburg,Luxemburgo,Luxembourg,Lussemburgo,Groothertogdom Luxemburg,lb,de-LU,fr-LU,lb,,,,,,,,,,,,
Macao,MO,MAC,446,.mo,853,,,MC,MAC,,MU,,Part of CN,,,,,Macao,Macao,Macao,Macao,Macao,Macao,zh,zh-MO,,,,,,,,,,,,,,,
The Former Yugoslav Republic of Macedonia,MK,MKD,807,.mk,389,MK,MKD,MK,MKD,MK,MJ,xn,Yes,,3n 10c 2n,MKkk bbbc cccc cccc cxx,,Makedonie,Ehem. jugoslawische Republik Mazedonien,Macedonia,L'ex-République Yougoslave de Macédoine,Macedonia,Macedonië,mk,sq,tr,rmm,sr,mk,,,,,,,,,
Madagascar,MG,MDG,450,.mg,261,RM,MAD,MA,MAD,RM,MG,mg,Yes,,23n,MGkk nnnn nnnn nnnn nnnn nnnn nnn,7,Madagaskar,Madagaskar,Madagascar,Madagascar,Madagascar,Madagaskar,fr-MG,mg,,,,,,,,,,,,,,,
Malawi,MW,MWI,454,.mw,265,MW,MAW,MI,MWI,MW,MW,mw,Yes,,,,,Malawi,Malawi,Malawi,Malawi,Malawi,Malawi,ny,yao,tum,swk,ny,,,,,,,,,,,,
Malaysia,MY,MYS,458,.my,60,MAL,MAS,MY,MAS,MAL,MS,my,Yes,,,,,Malajsie,Malaysia,Malasia,Malaisie,Malesia,Maleisië,ms-MY,en,zh,ta,te,ml,pa,th,,,,,,,,,
Maldives,MV,MDV,462,.mv,960,,MDV,MV,MDV,,MV,xc,Yes,,,,,Maledivy,Malediven,Maldivas,Maldives,Maldive,Maldiven,dv,en,dv,,,,,,,,,,,,,,
Mali,ML,MLI,466,.ml,223,RMM,MLI,ML,MLI,RMM,MI,ml,Yes,,1a 23n,MLkk annn nnnn nnnn nnnn nnnn nnnn,,Mali,Mali,Mali,Mali,Mali,Mali,fr-ML,bm,,,,,,,,,,,,,,
Malta,MT,MLT,470,.mt,356,M,MLT,MT,MLT,M,ML,mm,Yes,,4a 5n 18c,MTkk bbbb ssss sccc cccc cccc cccc ccc,,Malta,Malta,Malta,Malte,Malta,Malta,mt,en-MT,mt,,,,,,,,,,,,
Marshall Islands,MH,MHL,584,.mh,692,,MHL,RM,,,MH,xe,Yes,,,,,Marshallovy ostrovy,Marshallinseln,Islas Marshall,Îles Marshall,Isole Marshall,Marshalleilanden,mh,en-MH,,,,,,,,,,,,,,,
Martinique,MQ,MTQ,474,.mq,596,,,MB,MTQ,F,MR,mq,Part of FR,,,,,Martinik,Martinique,Martinica,Martinique,Martinica,Martinique,fr-MQ,,,,,,,,,,,,,,,,
Mauritania,MR,MRT,478,.mr,222,RIM,MTN,MR,MTN,RIM,MT,mu,Yes,,23n,MRkk bbbb bsss sscc cccc cccc cxx,13,Mauretánie,Mauretanien,Mauritania,Mauritanie,Mauritania,Mauritanië,ar-MR,fuc,snk,fr,mey,wo,,,,,,,,,,,
Mauritius,MU,MUS,480,.mu,230,MS,MRI,MP,MRI,MS,MA,mf,Yes,,4a 19n 3a,MUkk bbbb bbss cccc cccc cccc cccc cc,,Mauricius,Mauritius,Mauricio,Maurice,Maurizius,Mauritius,en-MU,bho,fr,,,,,,,,,,,,
Mayotte,YT,MYT,175,.yt,269,,,MF,,,,ot,Part of FR,,,,,Mayotte,Mayotte,Mayote,Mayotte,Mayotte,Mayotte,fr-YT,,,,,,,,,,,,,,,,
Mexico,MX,MEX,484,.mx,52,MEX,MEX,MX,MEX,MEX,MX,mx,Yes,,,,,Mexiko,Mexiko,México,Mexique,Messico,Mexico,es-MX,,,,,,,,,,,,,,,,
Federated States of Micronesia,FM,FSM,583,.fm,691,,FSM,FM,FSM,,,fm,Yes,,,,,Mikronésie,Mikronesien,Micronesia,États Fédérés de Micronésie,Stati Federati della Micronesia,Micronesië,en-FM,chk,pon,yap,kos,uli,woe,nkr,kpg,,,,,,,,
Republic of Moldova,MD,MDA,498,.md,373,MD,MDA,MD,MDA,MD,RM,mv,Yes,,2c 18n,MDkk bbcc cccc cccc cccc cccc,,Moldavsko,Moldawien,Moldavia,République de Moldova,Moldavia,Republiek Moldavië,ro,ru,gag,tr,,,,,,,,,,,,
Monaco,MC,MCO,492,.mc,377,MC,MON,MN,,MC,,mc,Yes,,10n 11c 2n,MCkk bbbb bsss sscc cccc cccc cxx,,Monako,Monaco,Mónaco,Monaco,Monaco,Monaco,fr-MC,en,it,,,,,,,,,,,,
Mongolia,MN,MNG,496,.mn,976,MGL,MGL,MG,MGL,MGL,MO,mp,Yes,,,,,Mongolsko,Mongolei,Mongolia,Mongolie,Mongolia,Mongolië,mn,ru,mn,,,,,,,,,,,,,,
Montenegro,ME,MNE,499,.me,381,,,MJ,MNE,,,mo,Yes,,18n,MEkk bbbc cccc cccc cccc xx,25,Montenegro,Montenegro,Montenegro,Montenegro,Montenegro,Montenegro,sr,hu,bs,sq,hr,rom,,,,,,,,,,,
Montserrat,MS,MSR,500,.ms,1-664,,,MH,MSR,,,mj,Territory of GB,,,,,Montserrat,Montserrat,Montserrat,Montserrat,Montserrat,Montserrat,en-MS,,,,,,,,,,,,,,,,
Morocco,MA,MAR,504,.ma,212,MA,MAR,MO,MAR,MA,MC,mr,Yes,,,,,Maroko,Marokko,Marruecos,Maroc,Marocco,Marokko,ar-MA,fr,,,,,,,,,,,,,,,
Mozambique,MZ,MOZ,508,.mz,258,MOC,MOZ,MZ,MOZ,MOC,MZ,mz,Yes,,21n,MZkk nnnn nnnn nnnn nnnn nnnn n,,Mosambik,Mosambik,Mozambique,Mozambique,Mozambico,Mozambique,pt-MZ,vmw,,,,,,,,,,,,,,,
Myanmar,MM,MMR,104,.mm,95,BUR,MYA,BM,MYA,BUR,BM,br,Yes,,,,,Myanmar,Myanmar,Mianmar,Myanmar,Myanmar,Myanmar,my,,,,,,,,,,,,,,,,
Namibia,NA,NAM,516,.na,264,NAM,NAM,WA,NAM,NAM,NM,sx,Yes,,,,,Namíbie,Namibia,Namibia,Namibie,Namibia,Namibië,en-NA,af,de,hz,naq,,,,,,,,,,,,
Nauru,NR,NRU,520,.nr,674,NAU,NRU,NR,,NAU,NW,nu,Yes,,,,,Nauru,Nauru,Nauru,Nauru,Nauru,Nauru,na,en-NR,,,,,,,,,,,,,,,
Nepal,NP,NPL,524,.np,977,NEP,NEP,NP,NEP,NEP,NP,np,Yes,,,,,Nepál,Nepal,Nepal,Népal,Nepal,Nepal,ne,en,,,,,,,,,,,,,,,
Netherlands,NL,NLD,528,.nl,31,NL,NED,NL,NED,NL,NL,ne,Yes,,4a 10n,NLkk bbbb cccc cccc cc,,Nizozemsko,Niederlande,Holanda,Pays-Bas,Paesi Bassi,Nederland,nl-NL,fy-NL,,,,,,,,,,,,,,
Netherlands Antilles,AN,ANT,530,.an,599,NA,AHO,NT,ANT,NA,NU,na,Part of NL,,,,,Nizozemské Antily,Niederländische Antillen,Antillas Holandesas,Antilles Néerlandaises,Antille Olandesi,Nederlandse Antillen,nl-AN,en,es,,,,,,,,,,,,,,
New Caledonia,NC,NCL,540,.nc,687,,,NC,NCL,F,NC,nl,Territory of FR,,,,,Nová Kaledonie,Neukaledonien,Nueva Caledonia,Nouvelle-Calédonie,Nuova Caledonia,Nieuw-Caledonië,fr-NC,,,,,,,,,,,,,,,,
New Zealand,NZ,NZL,554,.nz,64,NZ,NZL,NZ,NZL,NZ,NZ,nz,Yes,,,,,Nový Zéland,Neuseeland,Nueva Zelanda,Nouvelle-Zélande,Nuova Zelanda,Nieuw-Zeeland,en-NZ,mi,,,,,,,,,,,,,,,
Nicaragua,NI,NIC,558,.ni,505,NIC,NCA,NU,NCA,NIC,NK,nq,Yes,,,,,Nikaragua,Nicaragua,Nicaragua,Nicaragua,Nicaragua,Nicaragua,es-NI,en,,,,,,,,,,,,,,,
Niger,NE,NER,562,.ne,227,RN,NIG,NG,NIG,RN,NR,ng,Yes,,,,,Niger,Niger,Níger,Niger,Niger,Niger,fr-NE,en-NE,,,,,,,,,,,,,,,
Nigeria,NG,NGA,566,.ng,234,WAN,NGR,NI,NGA,NGR,NI,nr,Yes,,,,,Nigérie,Nigeria,Nigeria,Nigéria,Nigeria,Nigeria,en-NG,ha,yo,ig,ff,,,,,,,,,,,,
Niue,NU,NIU,570,.nu,683,,,NE,,NZ,,xh,Associated with NZ,,,,,Niue,Niue,Niue,Niué,Niue,Niue,niu,en-NU,,,,,,,,,,,,,,,
Norfolk Island,NF,NFK,574,.nf,,,,NF,,AUS,NF,nx,Territory of AU,,,,,Norfolk Island,Norfolkinsel,Islas Norfolk,Île Norfolk,Isola Norfolk,Norfolkeiland,en-NF,,,,,,,,,,,,,,,,
Northern Ireland,,,,,,,,,NIR,,,,,,,,,Northern Ireland,Northern Ireland,Northern Ireland,Northern Ireland,Northern Ireland,Northern Ireland,en-GB,,,,,,,,,,,,,,,,
Northern Mariana Islands,MP,MNP,580,.mp,1-670,,,CQ,,USA,MY,nw,Commonwealth of US,,,,,Severomariánské ostrovy,Nördliche Marianen,Islas de Norte-Mariana,Îles Mariannes du Nord,Isole Marianne Settentrionali,Noordelijke Marianen,fil,tl,zh,ch-MP,en-MP,,,,,,,,,,,,
Norway,NO,NOR,578,.no,47,N,NOR,NO,NOR,N,NO,no,Yes,,11n,NOkk bbbb cccc ccx,,Norsko,Norwegen,Noruega,Norvège,Norvegia,Noorwegen,no,nb,nn,no,,,,,,,,,,,,,
Oman,OM,OMN,512,.om,968,,OMA,MU,OMA,,OM,mk,Yes,,,,,Omán,Oman,Omán,Oman,Oman,Oman,ar-OM,en,bal,ur,,,,,,,,,,,,,
Pakistan,PK,PAK,586,.pk,92,PK,PAK,PK,PAK,PK,PK,pk,Yes,,4c 16n,PKkk bbbb cccc cccc cccc cccc,,Pakistán,Pakistan,Pakistán,Pakistan,Pakistan,Pakistan,ur-PK,en-PK,pa,sd,ps,brh,ur,,,,,,,,,
Palau,PW,PLW,585,.pw,680,,PLW,PS,,,,pw,Yes,,,,,Palau,Palau,Palau,Palaos,Palau,Palau,pau,sov,en-PW,tox,ja,fil,zh,,,,,,,,,,
Occupied Palestinian Territory,PS,PSE,275,.ps,970,,PLE,GZ,WE,PLE,,gz,In contention,,4c 21n,PSkk bbbb xxxx xxxx xccc cccc cccc c,,Palestinská území,Palästinensische Autonomiegebiete,Palestina,Territoire Palestinien Occupé,Territori Palestinesi Occupati,Palestina,ar-PS,,,,,,,,,,,,,
Panama,PA,PAN,591,.pa,507,PA,PAN,PM,PAN,PA,PM,pn,Yes,,,,,Panama,Panama,Panamá,Panama,Panamá,Panama,es-PA,en,,,,,,,,,,,,,,,
Papua New Guinea,PG,PNG,598,.pg,675,PNG,PNG,PP,PNG,PNG,NG,pp,Yes,,,,,Papua Nová Guinea,Papua-Neuguinea,Papúa Nueva Guinea,Papouasie-Nouvelle-Guinée,Papua Nuova Guinea,Papoea-Nieuw-Guinea,en-PG,ho,meu,tpi,,,,,,,,,,,,,
Paraguay,PY,PRY,600,.py,595,PY,PAR,PA,PAR,PY,PY,py,Yes,,,,,Paraguay,Paraguay,Paraguay,Paraguay,Paraguay,Paraguay,es-PY,gn,,,,,,,,,,,,,,,
Peru,PE,PER,604,.pe,51,PE,PER,PE,PER,PE,PR,pe,Yes,,,,,Peru,Peru,Perú,Pérou,Perù,Peru,es-PE,qu,ay,,,,,,,,,,,,,,
Philippines,PH,PHL,608,.ph,63,RP,PHI,RP,PHI,RP,PH,ph,Yes,,,,,Filipíny,Philippinen,Filipinas,Philippines,Filippine,Filippijnen,tl,en-PH,fil,,,,,,,,,,,,,,
Pitcairn,PN,PCN,612,.pn,,,,PC,,,PT,pc,Territory of GB,,,,,Pitcairn,Pitcairninseln,Pitcairn,Pitcairn,Pitcairn,Pitcairneilanden,en-PN,,,,,,,,,,,,,,,,
Poland,PL,POL,616,.pl,48,PL,POL,PL,POL,PL,PL,pl,Yes,,24n,PLkk bbbs sssx cccc cccc cccc cccc,,Polsko,Polen,Polonia,Pologne,Polonia,Polen,pl,pl,,,,,,,,,,,,,,,
Portugal,PT,PRT,620,.pt,351,P,POR,PO,POR,P,PO,po,Yes,,21n,PTkk bbbb ssss cccc cccc cccx x,50,Portugalsko,Portugal,Portugal,Portugal,Portogallo,Portugal,pt-PT,mwl,pt,,,,,,,,,,,,,,
Puerto Rico,PR,PRI,630,.pr,1,,PUR,RQ,PUR,USA,PU,pr,Commonwealth of US,,,,,Portoriko,Puerto Rico,Puerto Rico,Porto Rico,Porto Rico,Puerto Rico,en-PR,es-PR,,,,,,,,,,,,,,,
Qatar,QA,QAT,634,.qa,974,Q,QAT,QA,QAT,Q,QT,qa,Yes,,4a 21c,QAkk bbbb cccc cccc cccc cccc cccc c,,Katar,Katar,Qatar,Qatar,Qatar,Qatar,ar-QA,es,,,,,,,,,,,,,,
Réunion,RE,REU,638,.re,262,,,RE,,F,RE,re,Part of FR,,,,,Reunion,Réunion,Reunión,Réunion,Reunion,Réunion,fr-RE,,,,,,,,,,,,,,,,
Romania,RO,ROU,642,.ro,40,RO,ROM,RO,ROU,RO,RO,rm,Yes,,4a 16c,ROkk bbbb cccc cccc cccc cccc,,Rumunsko,Rumänien,Rumanía,Roumanie,Romania,Roemenië,ro,hu,rom,ro,,,,,,,,,,,,
Russian Federation,RU,RUS,643,.ru,7,RUS,RUS,RS,RUS,RUS,RS,ru,Yes,,,,,Rusko,Russische Föderation,Rusia,Fédération de Russie,Federazione Russa,Rusland,ru-RU,ru,,,,,,,,,,,,,,,
Rwanda,RW,RWA,646,.rw,250,RWA,RWA,RW,RWA,RWA,RW,rw,Yes,,,,,Rwanda,Ruanda,Ruanda,Rwanda,Ruanda,Rwanda,rw,en-RW,fr-RW,sw,rw,,,,,,,,,,,,
Saint Helena,SH,SHN,654,.sh,290,,,SH,,,HE,xj,Territory of GB,,,,,Svatá Helena,St. Helena,Santa Helena,Sainte-Hélène,Sant'Elena,Sint-Helena,en-SH,,,,,,,,,,,,,,,,
Saint Kitts and Nevis,KN,KNA,659,.kn,1-869,,SKN,SC,SKN,,AT,xd,Yes,,,,,Svatý Kitts a Nevis,St. Kitts und Nevis,Santa Kitts y Nevis,Saint-Kitts-et-Nevis,Saint Kitts e Nevis,Saint Kitts en Nevis,en-KN,,,,,,,,,,,,,,,,
Saint Lucia,LC,LCA,662,.lc,1-758,WL,LCA,ST,LCA,WL,LC,xk,Yes,,,,,Svatá Lucie,St. Lucia,Santa Lucía,Sainte-Lucie,Santa Lucia,Saint Lucia,en-LC,,,,,,,,,,,,,,,,
Saint-Pierre and Miquelon,PM,SPM,666,.pm,508,,,SB,,F,FP,xl,Part of FR,,,,,Svatý Pierre a Miquelon,St. Pierre und Miquelon,San Pedro y Miquelon,Saint-Pierre-et-Miquelon,Saint Pierre e Miquelon,Saint-Pierre en Miquelon,fr-PM,,,,,,,,,,,,,,,,
Saint Vincent and the Grenadines,VC,VCT,670,.vc,1-784,WV,VIN,VC,VIN,WV,VG,xm,Yes,,,,,Svatý Vincenc a Grenadiny,St. Vincent und die Grenadinen,San Vincente y Las Granadinas,Saint-Vincent-et-les Grenadines,Saint Vincent e Grenadine,Saint Vincent en de Grenadines,en-VC,fr,,,,,,,,,,,,,,,
Samoa,WS,WSM,882,.ws,685,WS,SAM,WS,SAM,WS,ZM,ws,Yes,,,,,Samoa,Samoa,Samoa,Samoa,Samoa,Samoa,sm,en-WS,,,,,,,,,,,,,,,
San Marino,SM,SMR,674,.sm,378,RSM,SMR,SM,SMR,RSM,,sm,Yes,,1a 10n 12c,SMkk xaaa aabb bbbc cccc cccc ccc,,San Marino,San Marino,San Marino,Saint-Marin,San Marino,San Marino,it-SM,,,,,,,,,,,,,,
Sao Tome and Principe,ST,STP,678,.st,239,,STP,TP,STP,,TP,sf,Yes,,,,,Svatý Tomáš a Princův ostrov,São Tomé und Príncipe,Santo Tomé y Príncipe,Sao Tomé-et-Principe,Sao Tome e Principe,Sao Tomé en Principe,pt-ST,,,,,,,,,,,,,,,,
Saudi Arabia,SA,SAU,682,.sa,966,SA,KSA,SA,KSA,SA,SD,su,Yes,,2n 18c,SAkk bbcc cccc cccc cccc cccc,,Saudská Arábie,Saudi-Arabien,Arabia Saudí,Arabie Saoudite,Arabia Saudita,Saoedi-Arabië,ar-SA,,,,,,,,,,,,,,,
Scotland,,,,,,,,,SCO,,,,,,,,,Scotland,Scotland,Scotland,Scotland,Scotland,Scotland,en-GB,,,,,,,,,,,,,,,,
Senegal,SN,SEN,686,.sn,221,SN,SEN,SG,SEN,SN,SG,sg,Yes,,1a 23n,SNkk annn nnnn nnnn nnnn nnnn nnnn,,Senegal,Senegal,Senegal,Sénégal,Senegal,Senegal,fr-SN,wo,fuc,mnk,,,,,,,,,,,,
Serbia (Republic Of Serbia),RS,SRB,688,.rs,381,,SRB,RB,SRB,SCG,YG,rb,Yes,,18n,RSkk bbbc cccc cccc cccc xx,,Serbia (Republic Of Serbia),Serbia (Republic Of Serbia),Serbia (Republic Of Serbia),Serbia (Republic Of Serbia),Serbia (Republic Of Serbia),Serbia (Republic Of Serbia),sr,hu,bs,rom,sr,,,,,,,,,,,,
Seychelles,SC,SYC,690,.sc,248,SY,SEY,SE,SEY,SY,SC,se,Yes,,,,,Seychely,Seychellen,Seychelles,Seychelles,Seychelles,Seychellen,en-SC,fr-SC,,,,,,,,,,,,,,,
Sierra Leone,SL,SLE,694,.sl,232,WAL,SLE,SL,SLE,WAL,SL,sl,Yes,,,,,Sierra Leone,Sierra Leone,Sierra Leona,Sierra Leone,Sierra Leone,Sierra Leone,en-SL,men,tem,,,,,,,,,,,,,,
Singapore,SG,SGP,702,.sg,65,SGP,SIN,SN,SIN,SGP,SR,si,Yes,,,,,Singapur,Singapur,Singapur,Singapour,Singapore,Singapore,cmn,en-SG,ms-SG,ta-SG,zh-SG,,,,,,,,,,,,
Slovakia,SK,SVK,703,.sk,421,SK,SVK,LO,SVK,SK,SQ,xo,Yes,,20n,SKkk bbbb ssss sscc cccc cccc,,Slovensko,Slowakei,Eslovaquia,Slovaquie,Slovacchia,Slowakije,sk,hu,sk,,,,,,,,,,,,,,
Slovenia,SI,SVN,705,.si,386,SLO,SLO,SI,SVN,SLO,LJ,xv,Yes,,15n,SIkk bbss sccc cccc cxx,56,Slovinsko,Slowenien,Eslovenia,Slovénie,Slovenia,Slovenië,sl,sh,sl,,,,,,,,,,,,,,
Solomon Islands,SB,SLB,90,.sb,677,,SOL,BP,SOL,,SO,bp,Yes,,,,,Šalamounovy ostrovy,Salomonen,Islas Salomón,Îles Salomon,Isole Solomon,Salomonseilanden,en-SB,tpi,,,,,,,,,,,,,,,
Somalia,SO,SOM,706,.so,252,SO,SOM,SO,SOM,SO,SI,so,Yes,,,,,Somálsko,Somalia,Somalia,Somalie,Somalia,Somalië,so-SO,ar-SO,it,en-SO,,,,,,,,,,,,,
South Africa,ZA,ZAF,710,.za,27,ZA,RSA,SF,RSA,ZA,ZA,sa,Yes,,,,,Jižní Afrika,Südafrika,Sudáfrica,Afrique du Sud,Sud Africa,Zuid-Afrika,zu,xh,af,nso,en-ZA,tn,st,ts,,,,,,,,,
South Georgia and the South Sandwich Islands,GS,SGS,239,.gs,,,,SX,,,,xs,Territory of GB,,,,,Jižní Georgie a Jižní Sandwichovy ostrovy,Südgeorgien und die Südlichen Sandwichinseln,Georgia del Sur e Islas Sandwich del Sur,Géorgie du Sud et les Îles Sandwich du Sud,Sud Georgia e Isole Sandwich,Zuid-Georgië en de Zuidelijke Sandwicheilanden,en,,,,,,,,,,,,,,,,
Soviet Union (Internet Code Still Used),,,,.su,,,,,,,,,,,,,,Soviet Union (Internet Code Still Used),Soviet Union (Internet Code Still Used),Soviet Union (Internet Code Still Used),Soviet Union (Internet Code Still Used),Soviet Union (Internet Code Still Used),Soviet Union (Internet Code Still Used),,,,,,,,,,,,,,,,,
Spain,ES,ESP,724,.es,34,E,ESP,SP,ESP,E,SP,sp,Yes,,20n,ESkk bbbb gggg xxcc cccc cccc,,Španělsko,Spanien,España,Espagne,Spagna,Spanje,es-ES,ca,gl,eu,,,,,,,,,,,,,
Sri Lanka,LK,LKA,144,.lk,94,CL,SRI,CE,SRI,CL,SB,ce,Yes,,,,,Srí Lanka,Sri Lanka,Sri Lanka,Sri Lanka,Sri Lanka,Sri Lanka,si,ta,en,,,,,,,,,,,,,,
Sudan,SD,SDN,736,.sd,249,SUD,SUD,SU,SUD,SUD,SU,sj,Yes,,,,,Súdán,Sudan,Sudán,Soudan,Sudan,Sudan,ar-SD,en,fia,,,,,,,,,,,,,,
Suriname,SR,SUR,740,.sr,597,SME,SUR,NS,SUR,SME,SM,sr,Yes,,,,,Surinam,Suriname,Surinám,Suriname,Suriname,Suriname,nl-SR,en,srn,hns,jv,,,,,,,,,,,,
Svalbard and Jan Mayen,SJ,SJM,744,.sj,,,,SV,JN,,,SZ,Territory of NO,,,,,,Špicberky a Jan Mayen,Svalbard and Jan Mayen,Esvalbard y Jan Mayen,Svalbard et Île Jan Mayen,Svalbard e Jan Mayen,Svalbard,no,ru,,,,,,,,,,,,,,
Swaziland,SZ,SWZ,748,.sz,268,SD,SWZ,WZ,SWZ,SD,SV,sq,Yes,,,,,Svazijsko,Swasiland,Suazilandia,Swaziland,Swaziland,Swaziland,en-SZ,ss-SZ,,,,,,,,,,,,,,,
Sweden,SE,SWE,752,.se,46,S,SWE,SW,SWE,S,SN,sw,Yes,,20n,SEkk bbbc cccc cccc cccc cccc,,Švédsko,Schweden,Suecia,Suède,Svezia,Zweden,sv-SE,se,sma,fi-SE,sv,,,,,,,,,,,,
Switzerland,CH,CHE,756,.ch,41,CH,SUI,SZ,SUI,CH,SW,sz,Yes,,5n 12c,CHkk bbbb bccc cccc cccc c,,Švýcarsko,Schweiz,Suiza,Suisse,Svizzera,Zwitserland,de-CH,fr-CH,it-CH,rm,,,,,,,,,,,,
Syrian Arab Republic,SY,SYR,760,.sy,963,SYR,SYR,SY,SYR,SYR,SY,sy,Yes,,,,,Sýrie,Arabische Republik Syrien,Siria,République Arabe Syrienne,Siria,Syrië,ar-SY,ku,hy,arc,fr,en,,,,,,,,,,,
Taiwan,TW,TWN,158,.tw,886,,TPE,TW,TPE,RC,,ch,Yes,,,,,Tchajwan,Taiwan,Taiwán,Taïwan,Taiwan,Taiwan,zh-TW,zh,nan,hak,,,,,,,,,,,,,
Tajikistan,TJ,TJK,762,.tj,992,TJ,TJK,TI,TJK,TJ,TA,ta,Yes,,,,,Tadžikistán,Tadschikistan,Tajikistán,Tadjikistan,Tagikistan,Tadzjikistan,tg,ru,tg,,,,,,,,,,,,,,
Tanganyika,,,,,,EAT,,,,,,,,,,,,Tanganyika,Tanganyika,Tanganyika,Tanganyika,Tanganyika,Tanganyika,sw-TZ,en,ar,,,,,,,,,,,,,,
United Republic Of Tanzania,TZ,TZA,834,.tz,255,,TAN,TZ,TAN,EAT,TN,tz,Yes,,,,,Tanzánie,Vereinigte Republik Tansania,Tanzania,République-Unie de Tanzanie,Tanzania,Tanzania,sw-TZ,en,ar,,,,,,,,,,,,,,
Thailand,TH,THA,764,.th,66,T,THA,TH,THA,T,TH,th,Yes,,,,,Thajsko,Thailand,Tailandia,Thaïlande,Tailandia,Thailand,th,en,th,,,,,,,,,,,,,,
Timor-Leste,TL,TLS,626,.tp,670,,TLS,TT,TLS,,TM,em,Yes,,,,,Východní Timor,Timor-Leste,Timor Leste,Timor-Leste,Timor Est,Oost-Timor,tet,pt-TL,id,en,,,,,,,,,,,,,
Togo,TG,TGO,768,.tg,228,TG,TOG,TO,TOG,TG,TG,tg,Yes,,,,,Togo,Togo,Togo,Togo,Togo,Togo,fr-TG,ee,hna,kbp,dag,ha,,,,,,,,,,,
Tokelau,TK,TKL,772,.tk,690,,,TL,,NZ,TK,tl,Territory of NZ,,,,,Tokelau,Tokelau,Tokelau,Tokelau,Tokelau,Tokelau -eilanden,tkl,en-TK,,,,,,,,,,,,,,,
Tonga,TO,TON,776,.to,676,,TGA,TN,TGA,,TO,to,Yes,,,,,Tonga,Tonga,Tongo,Tonga,Tonga,Tonga,to,en-TO,,,,,,,,,,,,,,,
Trinidad and Tobago,TT,TTO,780,.tt,1-868,TT,TRI,TD,TRI,TT,TD,tr,Yes,,,,,Trinidad a Tobago,Trinidad und Tobago,Trinidad y Tobago,Trinité-et-Tobago,Trinidad e Tobago,Trinidad en Tobago,en-TT,hns,fr,es,zh,,,,,,,,,,,,
Tunisia,TN,TUN,788,.tn,216,TN,TUN,TS,TUN,TN,TS,ti,Yes,,20n,TNkk bbss sccc cccc cccc cccc,,Tunisko,Tunesien,Túnez,Tunisie,Tunisia,Tunesië,ar-TN,fr,,,,,,,,,,,,,,,
Turkey,TR,TUR,792,.tr,90,TR,TUR,TU,TUR,TR,TU,tu,Yes,,5n 17c,TRkk bbbb bxcc cccc cccc cccc cc,,Turecko,Türkei,Turquía,Turquie,Turchia,Turkije,tr-TR,ku,diq,az,av,,,,,,,,,,,
Turkmenistan,TM,TKM,795,.tm,993,TM,TKM,TX,TKM,TM,TR,tk,Yes,,,,,Turkmenistán,Turkmenistan,Turmenistán,Turkménistan,Turkmenistan,Turkmenistan,tk,ru,uz,,,,,,,,,,,,,,
Turks and Caicos Islands,TC,TCA,796,.tc,1-649,,,TK,TCA,,TI,tc,Territory of GB,,,,,Turks a ostrovy Caicos,Turks- und Caicosinseln,Islas Turks y Caicos,Îles Turks et Caïques,Isole Turks e Caicos,Turks- en Caicoseilanden,en-TC,,,,,,,,,,,,,,,,
Tuvalu,TV,TUV,798,.tv,688,,,TV,,,TV,tv,Yes,,,,,Tuvalu,Tuvalu,Tuvalu,Tuvalu,Tuvalu,Tuvalu,tvl,en,sm,gil,,,,,,,,,,,,,
Uganda,UG,UGA,800,.ug,256,EAU,UGA,UG,UGA,EAU,UG,ug,Yes,,,,,Uganda,Uganda,Uganda,Ouganda,Uganda,Oeganda,en-UG,lg,sw,ar,,,,,,,,,,,,,
Ukraine,UA,UKR,804,.ua,380,UA,UKR,UP,UKR,UA,UR,un,Yes,,,,,Ukrajina,Ukraine,Ucrania,Ukraine,Ucraina,Oekraïne,uk,ru-UA,rom,pl,hu,,,,,,,,,,,,
United Arab Emirates,AE,ARE,784,.ae,971,,UAE,AE,UAE,,ER,ts,Yes,,3n 16n,AEkk bbbc cccc cccc cccc ccc,,Spojené Arabské Emiráty,Vereinigte Arabische Emirate,Emiratos Árabes Unidos,Émirats Arabes Unis,Emirati Arabi Uniti,Verenigde Arabische Emiraten,ar-AE,fa,en,hi,ur,,,,,,,,,,,
United Kingdom,GB,GBR,826,.uk,44,,GBR,UK,,GB,UK,xxk,Yes,,4a 14n,GBkk bbbb ssss sscc cccc cc,,Velká Británie,Vereinigtes Königreich von Großbritannien und Nordirland,Reino Unido,Royaume-Uni,Regno Unito,Verenigd Koninkrijk,en-GB,cy-GB,gd,,,,,,,,,,,,,
United States,US,USA,840,.us,1,USA,USA,US,USA,USA,US,xxu,Yes,,,,,USA,Vereinigte Staaten von Amerika,Estados Unidos,États-Unis,Stati Uniti d'America,Verenigde Staten,en-US,es-US,haw,en,,,,,,,,,,,,,
United States Minor Outlying Islands,UM,UMI,581,.um,,,,a,,USA,,b,Territories of US,,,,,United States Minor Outlying Islands,Amerikanisch-Ozeanien,Islas Ultramarinas de Estados Unidos,Îles Mineures Éloignées des États-Unis,Isole Minori degli Stati Uniti d'America,United States Minor Outlying Eilanden,en-UM,,,,,,,,,,,,,,,,
Uruguay,UY,URY,858,.uy,598,ROU,URU,UY,URU,ROU,UY,uy,Yes,,,,,Uruguay,Uruguay,Uruguay,Uruguay,Uruguay,Uruguay,es-UY,,,,,,,,,,,,,,,,
Uzbekistan,UZ,UZB,860,.uz,998,UZ,UZB,UZ,UZB,UZ,UZ,uz,Yes,,,,,Uzbekistán,Usbekistan,Uzbekistán,Ouzbékistan,Uzbekistan,Oezbekistan,uz,ru,tg,uz,,,,,,,,,,,,,
Vanuatu,VU,VUT,548,.vu,678,,VAN,NH,VAN,,NV,nn,Yes,,,,,Vanuatu,Vanuatu,Vanuatu,Vanuatu,Vanuatu,Vanuatu,bi,en-VU,fr-VU,,,,,,,,,,,,,,
Vatican City State,VA,VAT,336,.va,379,V,VAT,VT,,V,,vc,Yes,,,,,Vatikán,Vatikanstadt,Estado Vaticano,Saint-Siège (état de la Cité du Vatican),Città del Vaticano,Vaticaanstad,la,it,fr,,,,,,,,,,,,,,
Venezuela,VE,VEN,862,.ve,58,YV,VEN,VE,VEN,YV,VN,ve,Yes,,,,,Venezuela,Venezuela,Venezuela,Venezuela,Venezuela,Venezuela,es-VE,,,,,,,,,,,,,,,,
Vietnam,VN,VNM,704,.vn,84,VN,VIE,VM,VIE,VN,VS,vm,Yes,,,,,Vietnam,Vietnam,Vietnam,Viet Nam,Vietnam,Vietnam,vi,en,fr,zh,km,,,,,,,,,,,,
British Virgin Islands,VG,VGB,92,.vg,1-284,BVI,IVB,VI,VGB,BVI,VI,vb,Territory of GB,,4c 16n,VGkk bbbb cccc cccc cccc cccc,,Britské Panenské ostrovy,Britische Jungferninseln,Islas Vírgenes Británicas,Îles Vierges Britanniques,Isole Vergini Britanniche,Britse Maagdeneilanden,en-VG,,,,,,,,,,,,,,,
U.S. Virgin Islands,VI,VIR,850,.vi,1-340,,ISV,VQ,VIR,USA,VI,vi,Territory of US,,,,,Americké Panenské ostrovy,Amerikanische Jungferninseln,Islas Vírgenes Estadounidenses,Îles Vierges des États-Unis,Isole Vergini Americane,Amerikaanse Maagdeneilanden,en-VI,,,,,,,,,,,,,,,,
Yugoslavia (Internet Code Still Used),,,,.yu,,,,,,,,,,,,,,Yugoslavia (Internet Code Still Used),Yugoslavia (Internet Code Still Used),Yugoslavia (Internet Code Still Used),Yugoslavia (Internet Code Still Used),Yugoslavia (Internet Code Still Used),Yugoslavia (Internet Code Still Used),,,,,,,,,,,,,,,,,
Wales,,,,,,,,,WAL,,,,,,,,,Wales,Wales,Wales,Wales,Wales,Wales,en-GB,,,,,,,,,,,,,,,,
Wallis and Futuna,WF,WLF,876,.wf,681,,,WF,,F,FW,wf,Territory of FR,,,,,Wallis a Futuna,Wallis und Futuna,Wallis y Futuna,Wallis et Futuna,Wallis e Futuna,Wallis en Futuna,wls,fud,fr-WF,,,,,,,,,,,,,,
Western Sahara,EH,ESH,732,.eh,,,,WI,,,,ss,In contention,,,,,Západní Sahara,Westsahara,Sáhara Occidental,Sahara Occidental,Sahara Occidentale,Westelijke Sahara,ar,mey,,,,,,,,,,,,,,,
Yemen,YE,YEM,887,.ye,967,YAR,YEM,YM,YEM,YAR,YE,ye,Yes,,,,,Jemen,Jemen,Yemen,Yémen,Yemen,Jemen,ar-YE,,,,,,,,,,,,,,,,
Zambia,ZM,ZMB,894,.zm,260,RNR,ZAM,ZA,ZAM,Z,ZB,za,Yes,,,,,Zambie,Sambia,Zambia,Zambie,Zambia,Zambia,en-ZM,bem,loz,lun,lue,ny,toi,,,,,,,,,,
Zanzibar,,,,,,EAZ,,,,,,,,,,,,Zanzibar,Zanzibar,Zanzibar,Zanzibar,Zanzibar,Zanzibar,sw-TZ,en,ar,,,,,,,,,,,,,,
Zimbabwe,ZW,ZWE,716,.zw,263,ZW,ZIM,ZI,ZIM,ZW,ZW,rh,Yes,,,,,Zimbabwe,Simbabwe,Zimbabue,Zimbabwe,Zimbabwe,Zimbabwe,en-ZW,sn,nr,nd,,,,,,,,,,,,,
